"id","name","short_name","search_index","is_updated","is_actual","has_buildings"
7531,муниципальный округ Пискаревка,муниципальный округ Пискаревка,"'муниципальн':4 'муниципальный':1 'округ':2,5 'пискаревк':6 'пискаревка':3",true,true,false
1,Неизвестно,Неизвестно,'неизвестн':2 'неизвестно':1,true,true,false
4,поселок Парголово,п.Парголово,"'парголов':4 'парголово':2 'поселок':1,3",true,false,false
6,поселок Репино,п.Репино,"'поселок':1,3 'репин':4 'репино':2",true,false,false
8,поселок Александровская,п.Александровская,"'александровск':4 'александровская':2 'поселок':1,3",true,false,false
9,поселок Шушары,п.Шушары,"'поселок':1,3 'шушар':4 'шушары':2",true,false,false
10,поселок Белоостров,п.Белоостров,"'белоостр':4 'белоостров':2 'поселок':1,3",true,false,false
11,поселок Песочный,п.Песочный,"'песочн':4 'песочный':2 'поселок':1,3",true,false,false
12,поселок Солнечное,п.Солнечное,"'поселок':1,3 'солнечн':4 'солнечное':2",true,false,false
13,поселок Лисий Нос,п. Лисий Нос,"'лис':5 'лисий':2 'нос':3,6 'поселок':1,4",true,false,false
14,поселок Металлострой,п.Металлострой,"'металлостр':4 'металлострой':2 'поселок':1,3",true,false,false
15,поселок Петро-Славянка,п.Петро-Славянка,"'петр':7 'петро':3 'петро-славянк':6 'петро-славянка':2 'поселок':1,5 'славянк':8 'славянка':4",true,false,false
16,поселок Понтонный,п.Понтонный,"'понтон':4 'понтонный':2 'поселок':1,3",true,false,false
17,поселок Саперный,п.Саперный,"'поселок':1,3 'саперн':4 'саперный':2",true,false,false
18,поселок Усть-Ижора,п.Усть-Ижора,"'ижор':8 'ижора':4 'поселок':1,5 'уст':7 'усть':3 'усть-ижор':6 'усть-ижора':2",true,false,false
19,посёлок Усть-Ижора,пос. Усть-Ижора,'ижор':8 'ижора':4 'поселок':5 'посёлок':1 'уст':7 'усть':3 'усть-ижор':6 'усть-ижора':2,true,true,true
20,посёлок Лисий Нос,пос. Лисий Нос,"'лис':5 'лисий':2 'нос':3,6 'поселок':4 'посёлок':1",true,true,true
21,город Зеленогорск,г.Зеленогорск,"'город':1,3 'зеленогорск':2,4",true,true,true
22,посёлок Александровская,пос. Александровская,'александровск':4 'александровская':2 'поселок':3 'посёлок':1,true,true,true
23,город Колпино,г.Колпино,"'город':1,3 'колпин':4 'колпино':2",true,true,true
24,город Кронштадт,г.Кронштадт,"'город':1,3 'кронштадт':2,4",true,true,true
25,город Ломоносов,г.Ломоносов,"'город':1,3 'ломонос':4 'ломоносов':2",true,true,true
26,город Павловск,г.Павловск,"'город':1,3 'павловск':2,4",true,true,true
27,город Петродворец,г.Петродворец,"'город':1,3 'петродворец':2,4",true,false,false
28,город Пушкин,г.Пушкин,"'город':1,3 'пушкин':2,4",true,true,true
29,город Сестрорецк,г.Сестрорецк,"'город':1,3 'сестрорецк':2,4",true,true,true
30,посёлок Понтонный,пос. Понтонный,'понтон':4 'понтонный':2 'поселок':3 'посёлок':1,true,true,true
31,посёлок Молодёжное,пос. Молодёжное,'молодежн':4 'молодёжное':2 'поселок':3 'посёлок':1,true,true,true
32,посёлок Серово,пос. Серово,'поселок':3 'посёлок':1 'серов':4 'серово':2,true,true,true
33,посёлок Смолячково,пос. Смолячково,'поселок':3 'посёлок':1 'смолячков':4 'смолячково':2,true,true,true
34,посёлок Стрельна,пос. Стрельна,'поселок':3 'посёлок':1 'стрельн':4 'стрельна':2,true,true,true
35,посёлок Тярлево,пос. Тярлево,'поселок':3 'посёлок':1 'тярлев':4 'тярлево':2,true,true,true
36,г.Санкт-Петербург,г.Санкт-Петербург,"'г':1,5 'петербург':4,8 'санкт':3,7 'санкт-петербург':2,6",true,true,true
37,посёлок Белоостров,пос. Белоостров,'белоостр':4 'белоостров':2 'поселок':3 'посёлок':1,true,true,true
38,посёлок Левашово,пос. Левашово,'левашов':4 'левашово':2 'поселок':3 'посёлок':1,true,true,true
39,посёлок Парголово,пос. Парголово,'парголов':4 'парголово':2 'поселок':3 'посёлок':1,true,true,true
40,посёлок Петро-Славянка,пос. Петро-Славянка,'петр':7 'петро':3 'петро-славянк':6 'петро-славянка':2 'поселок':5 'посёлок':1 'славянк':8 'славянка':4,true,true,true
41,посёлок Песочный,пос. Песочный,'песочн':4 'песочный':2 'поселок':3 'посёлок':1,true,true,true
42,посёлок Шушары,пос. Шушары,'поселок':3 'посёлок':1 'шушар':4 'шушары':2,true,true,true
43,посёлок Солнечное,пос. Солнечное,'поселок':3 'посёлок':1 'солнечн':4 'солнечное':2,true,true,true
44,посёлок Комарово,пос. Комарово,'комаров':4 'комарово':2 'поселок':3 'посёлок':1,true,true,true
45,посёлок Репино,пос. Репино,'поселок':3 'посёлок':1 'репин':4 'репино':2,true,true,true
46,посёлок Ушково,пос. Ушково,'поселок':3 'посёлок':1 'ушков':4 'ушково':2,true,true,true
47,посёлок Металлострой,пос. Металлострой,'металлостр':4 'металлострой':2 'поселок':3 'посёлок':1,true,true,true
48,посёлок Сапёрный,пос. Сапёрный,'поселок':3 'посёлок':1 'саперн':4 'сапёрный':2,true,true,true
49,город Красное Село,г.Красное Село,"'город':1,4 'красн':5 'красное':2 'сел':6 'село':3",true,true,true
5357,город Петергоф,г.Петергоф,"'город':1,3 'петергоф':2,4",true,true,true
5979,Выборгский район,Выборгский р-н,"'выборгск':3 'выборгский':1 'район':2,4",true,true,false
5980,Лужский район,Лужский р-н,"'лужск':3 'лужский':1 'район':2,4",true,true,false
5981,Гатчинский район,Гатчинский р-н,"'гатчинск':3 'гатчинский':1 'район':2,4",true,true,false
6167,Всеволожский район,Всеволожский р-н,"'всеволожск':3 'всеволожский':1 'район':2,4",true,true,false
6168,"Всеволожский район, г.Всеволожск","Всеволожский р-н, г.Всеволожск","'всеволожск':4,5,8 'всеволожский':1 'г':3,7 'район':2,6",true,true,true
6264,"Тосненский район, пос. Тельмана","Тосненский район, пос. Тельмана","'пос':3,7 'район':2,6 'тельма':8 'тельмана':4 'тосненск':5 'тосненский':1",true,true,false
6972,муниципальный округ Коломна,муниципальный округ Коломна,"'коломн':6 'коломна':3 'муниципальн':4 'муниципальный':1 'округ':2,5",true,true,false
6973,муниципальный округ Сенной округ,муниципальный округ Сенной округ,"'муниципальн':5 'муниципальный':1 'округ':2,4,6,8 'сен':7 'сенной':3",true,true,false
6974,муниципальный округ Адмиралтейский округ,муниципальный округ Адмиралтейский округ,"'адмиралтейск':7 'адмиралтейский':3 'муниципальн':5 'муниципальный':1 'округ':2,4,6,8",true,true,false
6975,муниципальный округ Семеновский,муниципальный округ Семеновский,"'муниципальн':4 'муниципальный':1 'округ':2,5 'семеновск':6 'семеновский':3",true,true,false
6976,муниципальный округ  Измайловское,муниципальный округ  Измайловское,"'измайловск':6 'измайловское':3 'муниципальн':4 'муниципальный':1 'округ':2,5",true,true,true
6977,муниципальный округ Екатерингофский,муниципальный округ Екатерингофский,"'екатерингофск':6 'екатерингофский':3 'муниципальн':4 'муниципальный':1 'округ':2,5",true,true,false
6978,муниципальный округ №7,муниципальный округ №7,"'7':3,6 'муниципальн':4 'муниципальный':1 'округ':2,5",true,true,false
6979,муниципальный округ Васильевский,муниципальный округ Васильевский,"'васильевск':6 'васильевский':3 'муниципальн':4 'муниципальный':1 'округ':2,5",true,true,false
6980,муниципальный округ Гавань,муниципальный округ Гавань,"'гаван':6 'гавань':3 'муниципальн':4 'муниципальный':1 'округ':2,5",true,false,false
6981,муниципальный округ Морской,муниципальный округ Морской,"'морск':6 'морской':3 'муниципальн':4 'муниципальный':1 'округ':2,5",true,true,false
6982,муниципальный округ Остров Декабристов,муниципальный округ Остров Декабристов,"'декабрист':8 'декабристов':4 'муниципальн':5 'муниципальный':1 'округ':2,6 'остр':7 'остров':3",true,false,false
6983,муниципальный округ Сампсониевское,муниципальный округ Сампсониевское,"'муниципальн':4 'муниципальный':1 'округ':2,5 'сампсониевск':6 'сампсониевское':3",true,true,false
6984,муниципальный округ Светлановское,муниципальный округ Светлановское,"'муниципальн':4 'муниципальный':1 'округ':2,5 'светлановск':6 'светлановское':3",true,true,false
6985,муниципальный округ Сосновское,муниципальный округ Сосновское,"'муниципальн':4 'муниципальный':1 'округ':2,5 'сосновск':6 'сосновское':3",true,true,false
6986,муниципальный округ №15,муниципальный округ №15,"'15':3,6 'муниципальн':4 'муниципальный':1 'округ':2,5",true,true,false
6987,муниципальный округ Парнас,муниципальный округ Парнас,"'муниципальн':4 'муниципальный':1 'округ':2,5 'парнас':3,6",true,false,false
6988,муниципальный округ Шувалово-Озерки,муниципальный округ Шувалово-Озерки,"'муниципальн':6 'муниципальный':1 'озерк':10 'озерки':5 'округ':2,7 'шувалов':9 'шувалово':4 'шувалово-озерк':8 'шувалово-озерки':3",true,true,true
6989,муниципальный округ Гражданка,муниципальный округ Гражданка,"'гражданк':6 'гражданка':3 'муниципальн':4 'муниципальный':1 'округ':2,5",true,true,false
6990,муниципальный округ Академическое,муниципальный округ Академическое,"'академическ':6 'академическое':3 'муниципальн':4 'муниципальный':1 'округ':2,5",true,true,false
6991,муниципальный округ Финляндский округ,муниципальный округ Финляндский округ,"'муниципальн':5 'муниципальный':1 'округ':2,4,6,8 'финляндск':7 'финляндский':3",true,true,false
6992,муниципальный округ №21,муниципальный округ №21,"'21':3,6 'муниципальн':4 'муниципальный':1 'округ':2,5",true,true,false
6993,муниципальный округ Пискаревка,муниципальный округ Пискаревка,"'муниципальн':4 'муниципальный':1 'округ':2,5 'пискаревк':6 'пискаревка':3",true,false,false
6994,муниципальный округ Северный,муниципальный округ Северный,"'муниципальн':4 'муниципальный':1 'округ':2,5 'северн':6 'северный':3",true,true,false
6995,муниципальный округ Прометей,муниципальный округ Прометей,"'муниципальн':4 'муниципальный':1 'округ':2,5 'промет':6 'прометей':3",true,true,false
6996,муниципальный округ Княжево,муниципальный округ Княжево,"'княжев':6 'княжево':3 'муниципальн':4 'муниципальный':1 'округ':2,5",true,true,false
6997,муниципальный округ Ульянка,муниципальный округ Ульянка,"'муниципальн':4 'муниципальный':1 'округ':2,5 'ульянк':6 'ульянка':3",true,true,true
6998,муниципальный округ Дачное,муниципальный округ Дачное,"'дачн':6 'дачное':3 'муниципальн':4 'муниципальный':1 'округ':2,5",true,true,false
6999,муниципальный округ Автово,муниципальный округ Автово,"'автов':6 'автово':3 'муниципальн':4 'муниципальный':1 'округ':2,5",true,true,true
7000,муниципальный округ Нарвский округ,муниципальный округ Нарвский округ,"'муниципальн':5 'муниципальный':1 'нарвск':7 'нарвский':3 'округ':2,4,6,8",true,true,false
7001,муниципальный округ Красненькая речка,муниципальный округ Красненькая речка,"'красненьк':7 'красненькая':3 'муниципальн':5 'муниципальный':1 'округ':2,6 'речк':8 'речка':4",true,true,false
7002,муниципальный округ Морские ворота,муниципальный округ Морские ворота,"'ворот':8 'ворота':4 'морск':7 'морские':3 'муниципальн':5 'муниципальный':1 'округ':2,6",true,true,true
7003,муниципальный округ Полюстрово,муниципальный округ Полюстрово,"'муниципальн':4 'муниципальный':1 'округ':2,5 'полюстров':6 'полюстрово':3",true,true,true
7004,муниципальный округ Большая Охта,муниципальный округ Большая Охта,"'больш':7 'большая':3 'муниципальн':5 'муниципальный':1 'округ':2,6 'охт':8 'охта':4",true,true,true
7005,муниципальный округ Малая Охта,муниципальный округ Малая Охта,"'мал':7 'малая':3 'муниципальн':5 'муниципальный':1 'округ':2,6 'охт':8 'охта':4",true,true,false
7006,муниципальный округ Пороховые,муниципальный округ Пороховые,"'муниципальн':4 'муниципальный':1 'округ':2,5 'порохов':6 'пороховые':3",true,true,false
7007,муниципальный округ Ржевка,муниципальный округ Ржевка,"'муниципальн':4 'муниципальный':1 'округ':2,5 'ржевк':6 'ржевка':3",true,true,true
7008,муниципальный округ Юго-Запад,муниципальный округ Юго-Запад,"'запад':5,10 'муниципальн':6 'муниципальный':1 'округ':2,7 'юг':9 'юго':4 'юго-запад':3,8",true,true,false
7009,муниципальный округ Южно-Приморский,муниципальный округ Южно-Приморский,"'муниципальн':6 'муниципальный':1 'округ':2,7 'приморск':10 'приморский':5 'южн':9 'южно':4 'южно-приморск':8 'южно-приморский':3",true,true,true
7010,муниципальный округ Сосновая поляна,муниципальный округ Сосновая поляна,"'муниципальн':5 'муниципальный':1 'округ':2,6 'поля':8 'поляна':4 'соснов':7 'сосновая':3",true,true,true
7011,муниципальный округ Урицк,муниципальный округ Урицк,"'муниципальн':4 'муниципальный':1 'округ':2,5 'урицк':3,6",true,true,false
7012,муниципальный округ Константиновское,муниципальный округ Константиновское,"'константиновск':6 'константиновское':3 'муниципальн':4 'муниципальный':1 'округ':2,5",true,true,true
7013,муниципальный округ Горелово,муниципальный округ Горелово,"'горелов':6 'горелово':3 'муниципальн':4 'муниципальный':1 'округ':2,5",true,true,true
7014,муниципальный округ Московская застава,муниципальный округ Московская застава,"'застав':8 'застава':4 'московск':7 'московская':3 'муниципальн':5 'муниципальный':1 'округ':2,6",true,true,true
7015,муниципальный округ Гагаринское,муниципальный округ Гагаринское,"'гагаринск':6 'гагаринское':3 'муниципальн':4 'муниципальный':1 'округ':2,5",true,true,false
7016,муниципальный округ Новоизмайловское,муниципальный округ Новоизмайловское,"'муниципальн':4 'муниципальный':1 'новоизмайловск':6 'новоизмайловское':3 'округ':2,5",true,true,false
7017,муниципальный округ Пулковский меридиан,муниципальный округ Пулковский меридиан,"'меридиа':8 'меридиан':4 'муниципальн':5 'муниципальный':1 'округ':2,6 'пулковск':7 'пулковский':3",true,true,true
7018,муниципальный округ Звездное,муниципальный округ Звездное,"'звездн':6 'звездное':3 'муниципальн':4 'муниципальный':1 'округ':2,5",true,true,true
7019,муниципальный округ Невская застава,муниципальный округ Невская застава,"'застав':8 'застава':4 'муниципальн':5 'муниципальный':1 'невск':7 'невская':3 'округ':2,6",true,false,false
7020,муниципальный округ Ивановский,муниципальный округ Ивановский,"'ивановск':6 'ивановский':3 'муниципальн':4 'муниципальный':1 'округ':2,5",true,true,false
7021,муниципальный округ Обуховский,муниципальный округ Обуховский,"'муниципальн':4 'муниципальный':1 'обуховск':6 'обуховский':3 'округ':2,5",true,false,false
7022,муниципальный округ Рыбацкое,муниципальный округ Рыбацкое,"'муниципальн':4 'муниципальный':1 'округ':2,5 'рыбацк':6 'рыбацкое':3",true,true,true
7023,муниципальный округ Народный,муниципальный округ Народный,"'муниципальн':4 'муниципальный':1 'народн':6 'народный':3 'округ':2,5",true,true,true
7024,муниципальный округ №54,муниципальный округ №54,"'54':3,6 'муниципальн':4 'муниципальный':1 'округ':2,5",true,true,false
7025,муниципальный округ Невский округ,муниципальный округ Невский округ,"'муниципальн':5 'муниципальный':1 'невск':7 'невский':3 'округ':2,4,6,8",true,false,false
7026,муниципальный округ Оккервиль,муниципальный округ Оккервиль,"'муниципальн':4 'муниципальный':1 'оккервил':6 'оккервиль':3 'округ':2,5",true,true,false
7027,муниципальный округ Правобережный,муниципальный округ Правобережный,"'муниципальн':4 'муниципальный':1 'округ':2,5 'правобережн':6 'правобережный':3",true,true,true
7028,муниципальный округ Введенский,муниципальный округ Введенский,"'введенск':6 'введенский':3 'муниципальн':4 'муниципальный':1 'округ':2,5",true,true,false
7029,муниципальный округ Кронверкское,муниципальный округ Кронверкское,"'кронверкск':6 'кронверкское':3 'муниципальн':4 'муниципальный':1 'округ':2,5",true,true,false
7030,муниципальный округ Посадский,муниципальный округ Посадский,"'муниципальн':4 'муниципальный':1 'округ':2,5 'посадск':6 'посадский':3",true,true,false
7031,муниципальный округ Аптекарский остров,муниципальный округ Аптекарский остров,"'аптекарск':7 'аптекарский':3 'муниципальн':5 'муниципальный':1 'округ':2,6 'остр':8 'остров':4",true,true,false
7032,муниципальный округ округ Петровский,муниципальный округ округ Петровский,"'муниципальн':5 'муниципальный':1 'округ':2,3,6,7 'петровск':8 'петровский':4",true,true,true
7033,муниципальный округ Чкаловское,муниципальный округ Чкаловское,"'муниципальн':4 'муниципальный':1 'округ':2,5 'чкаловск':6 'чкаловское':3",true,true,true
7034,муниципальный округ Лахта - Ольгино,муниципальный округ Лахта - Ольгино,"'лахт':7 'лахта':3 'муниципальн':5 'муниципальный':1 'округ':2,6 'ольгин':8 'ольгино':4",true,true,true
7035,муниципальный округ №65,муниципальный округ №65,"'65':3,6 'муниципальн':4 'муниципальный':1 'округ':2,5",true,true,false
7036,муниципальный округ Черная речка,муниципальный округ Черная речка,"'муниципальн':5 'муниципальный':1 'округ':2,6 'речк':8 'речка':4 'черн':7 'черная':3",true,false,false
7037,муниципальный округ Комендантский аэродром,муниципальный округ Комендантский аэродром,"'аэродр':8 'аэродром':4 'комендантск':7 'комендантский':3 'муниципальн':5 'муниципальный':1 'округ':2,6",true,false,false
7038,муниципальный округ Озеро Долгое,муниципальный округ Озеро Долгое,"'долг':8 'долгое':4 'муниципальн':5 'муниципальный':1 'озер':7 'озеро':3 'округ':2,6",true,true,false
7039,муниципальный округ Юнтолово,муниципальный округ Юнтолово,"'муниципальн':4 'муниципальный':1 'округ':2,5 'юнтолов':6 'юнтолово':3",true,true,true
7040,муниципальный округ Коломяги,муниципальный округ Коломяги,"'коломяг':6 'коломяги':3 'муниципальн':4 'муниципальный':1 'округ':2,5",true,true,true
7041,муниципальный округ Волковское,муниципальный округ Волковское,"'волковск':6 'волковское':3 'муниципальн':4 'муниципальный':1 'округ':2,5",true,true,false
7042,муниципальный округ №72,муниципальный округ №72,"'72':3,6 'муниципальн':4 'муниципальный':1 'округ':2,5",true,true,false
7043,муниципальный округ Купчино,муниципальный округ Купчино,"'купчин':6 'купчино':3 'муниципальн':4 'муниципальный':1 'округ':2,5",true,true,false
7044,муниципальный округ Георгиевский,муниципальный округ Георгиевский,"'георгиевск':6 'георгиевский':3 'муниципальн':4 'муниципальный':1 'округ':2,5",true,true,false
7045,муниципальный округ №75,муниципальный округ №75,"'75':3,6 'муниципальн':4 'муниципальный':1 'округ':2,5",true,false,false
7046,муниципальный округ Балканский,муниципальный округ Балканский,"'балканск':6 'балканский':3 'муниципальн':4 'муниципальный':1 'округ':2,5",true,true,false
7047,муниципальный округ Дворцовый округ,муниципальный округ Дворцовый округ,"'дворцов':7 'дворцовый':3 'муниципальн':5 'муниципальный':1 'округ':2,4,6,8",true,true,false
7048,муниципальный округ №78,муниципальный округ №78,"'78':3,6 'муниципальн':4 'муниципальный':1 'округ':2,5",true,true,false
7049,муниципальный округ Литейный округ,муниципальный округ Литейный округ,"'литейн':7 'литейный':3 'муниципальн':5 'муниципальный':1 'округ':2,4,6,8",true,true,false
7050,муниципальный округ Смольнинское,муниципальный округ Смольнинское,"'муниципальн':4 'муниципальный':1 'округ':2,5 'смольнинск':6 'смольнинское':3",true,true,false
7051,муниципальный округ Лиговка - Ямская,муниципальный округ Лиговка - Ямская,"'лиговк':7 'лиговка':3 'муниципальн':5 'муниципальный':1 'округ':2,6 'ямск':8 'ямская':4",true,false,false
7052,муниципальный округ Владимирский округ,муниципальный округ Владимирский округ,"'владимирск':7 'владимирский':3 'муниципальн':5 'муниципальный':1 'округ':2,4,6,8",true,true,false
7449,муниципальный округ Обуховский,муниципальный округ Обуховский,"'муниципальн':4 'муниципальный':1 'обуховск':6 'обуховский':3 'округ':2,5",true,true,true
7456,муниципальный округ Невская застава,муниципальный округ Невская застава,"'застав':8 'застава':4 'муниципальн':5 'муниципальный':1 'невск':7 'невская':3 'округ':2,6",true,true,false
7483,муниципальный округ №65,муниципальный округ №65,"'65':3,6 'муниципальн':4 'муниципальный':1 'округ':2,5",true,true,false
7503,муниципальный округ Гавань,муниципальный округ Гавань,"'гаван':6 'гавань':3 'муниципальн':4 'муниципальный':1 'округ':2,5",true,true,false
7530,муниципальный округ Остров Декабристов,муниципальный округ Остров Декабристов,"'декабрист':8 'декабристов':4 'муниципальн':5 'муниципальный':1 'округ':2,6 'остр':7 'остров':3",true,true,false
7532,муниципальный округ Невский округ,муниципальный округ Невский округ,"'муниципальн':5 'муниципальный':1 'невск':7 'невский':3 'округ':2,4,6,8",true,true,true
7547,муниципальный округ Комендантский аэродром,муниципальный округ Комендантский аэродром,"'аэродр':8 'аэродром':4 'комендантск':7 'комендантский':3 'муниципальн':5 'муниципальный':1 'округ':2,6",true,true,true
7600,муниципальный округ Лиговка - Ямская,муниципальный округ Лиговка - Ямская,"'лиговк':7 'лиговка':3 'муниципальн':5 'муниципальный':1 'округ':2,6 'ямск':8 'ямская':4",true,true,false
7653,муниципальный округ Семеновский,муниципальный округ Семеновский,"'муниципальн':4 'муниципальный':1 'округ':2,5 'семеновск':6 'семеновский':3",true,true,false
7700,муниципальный округ Сергиевское,муниципальный округ Сергиевское,"'муниципальн':4 'муниципальный':1 'округ':2,5 'сергиевск':6 'сергиевское':3",true,true,false
8197,муниципальный округ Ланское,муниципальный округ Ланское,"'ланск':6 'ланское':3 'муниципальн':4 'муниципальный':1 'округ':2,5",true,true,false
8205,муниципальный округ Александровский,муниципальный округ Александровский,"'александровск':6 'александровский':3 'муниципальн':4 'муниципальный':1 'округ':2,5",true,true,true
10000,"Гатчинский район, с. Никольское","Гатчинский р-н, с. Никольское","'гатчинск':5 'гатчинский':1 'никольск':8 'никольское':4 'район':2,6 'с':3",true,true,false
10001,"Всеволожский район, посёлок Токсово","Всеволожский р-н, пос. Токсово","'всеволожск':5 'всеволожский':1 'поселок':7 'посёлок':3 'район':2,6 'токсов':8 'токсово':4",true,true,false
10002,"Всеволожский район, деревня Токкари","Всеволожский р-н, д. Токкари","'всеволожск':5 'всеволожский':1 'деревн':7 'деревня':3 'район':2,6 'токкар':8 'токкари':4",true,true,false
100000,"Гатчинский район, с. Никольское","Гатчинский р-н, с. Никольское","'гатчинск':5 'гатчинский':1 'никольск':8 'никольское':4 'район':2,6 'с':3",true,true,true
100001,"Всеволожский район, посёлок Токсово","Всеволожский р-н, пос. Токсово","'всеволожск':5 'всеволожский':1 'поселок':7 'посёлок':3 'район':2,6 'токсов':8 'токсово':4",true,true,true
100002,"Всеволожский район, деревня Токкари","Всеволожский р-н, д. Токкари","'всеволожск':5 'всеволожский':1 'деревн':7 'деревня':3 'район':2,6 'токкар':8 'токкари':4",true,true,true
100003,"Гатчинский район, г. Гатчина","Гатчинский р-н, г. Гатчина","'г':3,7 'гатчин':8 'гатчина':4 'гатчинск':5 'гатчинский':1 'район':2,6",true,true,true
100004,"Лужский район, д. Большие Крупели","Лужский р-н, д. Большие Крупели","'больш':9 'большие':4 'д':3,8 'крупел':10 'крупели':5 'лужск':6 'лужский':1 'район':2,7",true,true,true
100005,"Лужский район, пгт Толмачёво","Лужский р-н, пгт Толмачёво","'лужск':5 'лужский':1 'пгт':3,7 'район':2,6 'толмачев':8 'толмачёво':4",true,true,true
100006,"Приозерский район, п. Мичуринское","Приозерский р-н, п. Мичуринское","'мичуринск':8 'мичуринское':4 'п':3,7 'приозерск':5 'приозерский':1 'район':2,6",true,true,true
100007,"Гатчинский район, пгт Вырица","Гатчинский р-н, пгт Вырица","'выриц':8 'вырица':4 'гатчинск':5 'гатчинский':1 'пгт':3,7 'район':2,6",true,true,true
100008,"Всеволожский район, г.Всеволожск","Всеволожский р-н, г. Всеволожск","'всеволожск':4,5,8 'всеволожский':1 'г':3,7 'район':2,6",true,true,true
100009,"Кингисеппский, д. Нежново","Кингисеппский р-н, д. Нежново","'д':2,5 'кингисеппск':4 'кингисеппский':1 'нежнов':6 'нежново':3",true,true,true
100010,"Гатчинский, пгт Сиверский","Гатчинский р-н, пгт Сиверский","'гатчинск':4 'гатчинский':1 'пгт':2,5 'сиверск':6 'сиверский':3",true,true,true
100011,"Тосненский район, поселок Тельмана","Тосненский р-н, п. Тельмана","'поселок':3,7 'район':2,6 'тельма':8 'тельмана':4 'тосненск':5 'тосненский':1",true,true,true
100012,"Всеволожский район, деревня Заневка","Всеволожский р-н, д. Заневка","'всеволожск':5 'всеволожский':1 'деревн':7 'деревня':3 'заневк':8 'заневка':4 'район':2,6",true,true,true
100013,"Кировский район, пгт Мга","Кировский р-н, пгт Мга","'кировск':5 'кировский':1 'мга':4,8 'пгт':3,7 'район':2,6",true,true,true
100014,"Ломоносовский район, г. Сосновый Бор","Ломоносовский р-н, г. Сосновый Бор","'бор':5,10 'г':3,8 'ломоносовск':6 'ломоносовский':1 'район':2,7 'соснов':9 'сосновый':4",true,true,false
100015,"Всеволожский район, д. Васкелово","Всеволожский р-н, д. Васкелово","'васкелов':8 'васкелово':4 'всеволожск':5 'всеволожский':1 'д':3,7 'район':2,6",true,true,true
100016,"Волховский район, город Новая Ладога","Волховский р-н, г. Новая Ладога","'волховск':6 'волховский':1 'город':3,8 'ладог':10 'ладога':5 'нов':9 'новая':4 'район':2,7",true,true,true
100017,"Волховский район, поселок городского типа Рощино","Выборгский р-н, пгт Рощино","'волховск':7 'волховский':1 'городск':10 'городского':4 'поселок':3,9 'район':2,8 'рощин':12 'рощино':6 'тип':11 'типа':5",true,true,true
100018,"Лужский район, город Луга","Лужский р-н, г.Луга","'город':3,7 'луг':8 'луга':4 'лужск':5 'лужский':1 'район':2,6",true,true,false
100019,"Кировский район, город Шлиссельбург","Кировский р-н, г.Шлиссельбург","'город':3,7 'кировск':5 'кировский':1 'район':2,6 'шлиссельбург':4,8",true,true,true
100020,"Лужский район, деревня Задубье","Лужский р-н, д. Задубье","'деревн':7 'деревня':3 'задуб':8 'задубье':4 'лужск':5 'лужский':1 'район':2,6",true,true,true
100021,"Кингисеппский район, поселок ж/д ст.Веймарн","Кингисеппский р-н, п ж/д ст.Веймарн","'веймарн':7,14 'д':5,12 'ж':4 'кингисеппск':8 'кингисеппский':1 'поселок':3,10 'район':2,9 'ст':6,13",true,true,true
100022,"Тосненский район, пгт Форносово","Тосненский р-н, пгт Форносово","'пгт':3,7 'район':2,6 'тосненск':5 'тосненский':1 'форносов':8 'форносово':4",true,true,true
100023,"Приозерский район, п Громово","Приозерский р-н, п Громово","'громов':8 'громово':4 'п':3,7 'приозерск':5 'приозерский':1 'район':2,6",true,true,false
100024,"Лужский район, Пансионат ""Зеленый Бор""","Лужский р-н, п Пансионат ""Зеленый Бор""","'бор':5,10 'зелен':9 'зеленый':4 'лужск':6 'лужский':1 'пансионат':3,8 'район':2,7",true,true,false
100025,"Выборгский район, поселок Сосновый Бор","Выборгский р-н, п Сосновый Бор","'бор':5,10 'выборгск':6 'выборгский':1 'поселок':3,8 'район':2,7 'соснов':9 'сосновый':4",true,true,true
100026,"Лужский район, г Луга, кп Зеленый Бор","Лужский район, г Луга, кп Зеленый Бор","'бор':7,14 'г':3,10 'зелен':13 'зеленый':6 'кп':5,12 'луг':11 'луга':4 'лужск':8 'лужский':1 'район':2,9",true,true,true
100027,"Всеволожский район, д Янино-1","Всеволожский р-н, д Янино-1","'-1':5,10 'всеволожск':6 'всеволожский':1 'д':3,8 'район':2,7 'янин':9 'янино':4",true,true,false
100028,"Приозерский район, п Богатыри","Приозерский р-н, п Богатыри","'богатыр':8 'богатыри':4 'п':3,7 'приозерск':5 'приозерский':1 'район':2,6",true,true,false
100029,"Лужский район, деревня Наволок","Лужский р-н, д Наволок","'деревн':7 'деревня':3 'лужск':5 'лужский':1 'наволок':4,8 'район':2,6",true,true,true
100030,"Гатчинский район, село Рождествено","Гатчинский р-н, с Рождествено","'гатчинск':5 'гатчинский':1 'район':2,6 'рождеств':8 'рождествено':4 'сел':7 'село':3",true,true,true
100031,"Гатчинский район, деревня Выра","Гатчинский р-н, д Выра","'выр':8 'выра':4 'гатчинск':5 'гатчинский':1 'деревн':7 'деревня':3 'район':2,6",true,true,true
100032,"Выборгский район, поселок Тарасово","Выборгский р-н, п Тарасово","'выборгск':5 'выборгский':1 'поселок':3,7 'район':2,6 'тарасов':8 'тарасово':4",true,true,true
100033,"Гатчинский район, пгт Дружная Горка","Гатчинский р-н, пгт Дружная Горка","'гатчинск':6 'гатчинский':1 'горк':10 'горка':5 'дружн':9 'дружная':4 'пгт':3,8 'район':2,7",true,true,true
100034,"Всеволожский район, деревня Никитилово","Всеволожский р-н, д Никитилово","'всеволожск':5 'всеволожский':1 'деревн':7 'деревня':3 'никитилов':8 'никитилово':4 'район':2,6",true,true,true
100035,"Лужский район, деревня Мерево","Лужский район, деревня Мерево","'деревн':7 'деревня':3 'лужск':5 'лужский':1 'мерев':8 'мерево':4 'район':2,6",true,true,true
100036,"Выборгский район, поселок Поляны","Выборгский район, поселок Поляны","'выборгск':5 'выборгский':1 'поля':8 'поляны':4 'поселок':3,7 'район':2,6",true,true,true
100037,поселок Ленинское,пос.Ленинское,"'ленинск':4 'ленинское':2 'поселок':1,3",true,true,true
100038,"Тосненский район, поселок Шапки","Тосненский р-н, пос. Шапки","'поселок':3,7 'район':2,6 'тосненск':5 'тосненский':1 'шапк':8 'шапки':4",true,true,true
100039,"Тосненский район, пос. Красный Бор","Тосненский район, пос. Красный Бор","'бор':5,10 'красн':9 'красный':4 'пос':3,8 'район':2,7 'тосненск':6 'тосненский':1",true,true,false
2,поселок Левашово,п.Левашово,"'левашов':4 'левашово':2 'поселок':1,3",true,false,false
3,поселок Лисий Нос,п.Лисий Нос,"'лис':5 'лисий':2 'нос':3,6 'поселок':1,4",true,false,false
5,поселок Комарово,п.Комарово,"'комаров':4 'комарово':2 'поселок':1,3",true,false,false
7,поселок Ушково,п.Ушково,"'поселок':1,3 'ушков':4 'ушково':2",true,false,false
100040,"Ломоносовский район, пгт Большая Ижора","Ломоносовский район, пгт Большая Ижора","'больш':9 'большая':4 'ижор':10 'ижора':5 'ломоносовск':6 'ломоносовский':1 'пгт':3,8 'район':2,7",true,true,true
100041,"Выборгский район, поселок Зеркальный","Выборгский район, пос. Зеркальный","'выборгск':5 'выборгский':1 'зеркальн':8 'зеркальный':4 'поселок':3,7 'район':2,6",true,true,true
100042,"Выборгский район, поселок Пески","Выборгский район, пос. Пески","'выборгск':5 'выборгский':1 'песк':8 'пески':4 'поселок':3,7 'район':2,6",true,true,true
100043,"Тосненский район, пгт Красный Бор","Тосненский район, пгт Красный Бор","'бор':5,10 'красн':9 'красный':4 'пгт':3,8 'район':2,7 'тосненск':6 'тосненский':1",true,true,true
100044,"Выборгский район, Красносельская волость, п Лебедевка","Выборгский район, Красносельская волость, п Лебедевка","'волост':10 'волость':4 'выборгск':7 'выборгский':1 'красносельск':9 'красносельская':3 'лебедевк':12 'лебедевка':6 'п':5,11 'район':2,8",true,true,true
